{"designerVersion":"1.2.19","favorite":false,"id":"customCurrency","name":"Currency","lastUpdate":1479326560901,"template":"\r\n    \r\n<div class=\"form-group custom-currency-container\">\r\n    <label for=\"{{properties.id}}\" class=\"control-label\" ng-class=\"{'has-errors': hasErrors()}\">{{properties.label}}<span ng-show=\"properties.required\" class=\"required\"> *</span></label>\r\n    <div class=\"input-group\"> \r\n        <span class=\"input-group-addon\">{{properties.symbol}}</span>\r\n        <input  class=\"form-control\"\r\n                type=\"text\"\r\n                id=\"{{properties.name}}\"\r\n                name=\"{{properties.name}}\" \r\n                placeholder={{properties.placeholder}}\r\n                ng-class=\"{'has-errors': hasErrors()}\"\r\n                ng-disabled=\"properties.disabled\"\r\n                ng-max=\"properties.max\"\r\n                ng-min=\"properties.min\"\r\n                ng-maxlength=\"properties.maxlength\"\r\n                ng-minlength=\"properties.minlength\"\r\n                ng-pattern=\"properties.pattern\"\r\n                ng-readonly=\"properties.readonly\"\r\n                ng-required=\"properties.required\"\r\n                ng-currency-format>\r\n    </div>\r\n    \r\n    <ul class=\"input-errors-list\" ng-show=\"hasErrors()\">\r\n        <li ng-show=\"inputErrors().email\">Debe ingresar una dirección de correo electronico válida (ej: usuario@dominio.com)</li>            \r\n        <li ng-show=\"inputErrors().required\">El campo es obligatorio</li>\r\n        <li ng-show=\"inputErrors().max\">El valor del campo debe ser menor a {{properties.max}}</li>\r\n        <li ng-show=\"inputErrors().min\">El valor del campo debe ser mayor a {{properties.min}}</li>\r\n        <li ng-show=\"inputErrors().maxlength\">El largo del campo debe ser menor a {{properties.maxlength}}</li>\r\n        <li ng-show=\"inputErrors().minlength\">El largo del campo debe ser mayor a {{properties.minlength}}</li>\r\n        <li ng-show=\"inputErrors().pattern\">El contenido del campo no cohincide con el patrón '{{properties.pattern}}'</li>\r\n        <li ng-show=\"inputErrors().url\">Debe ingresar una URL válida (ej: http://www.dominio.com)</li>\r\n    </ul>\r\n</div>","controller":"\nfunction ($scope, $filter, $timeout) {\n    \n    $scope.inputErrors = function() {\n        if($scope.$eval(\"$form.\" + $scope.$eval(\"properties.name\") + \".$dirty\")) {\n            return  $scope.$eval(\"$form.\" + $scope.$eval(\"properties.name\") + \".$error\");\n        }\n        \n        return {};\n    }\n    \n    $scope.hasErrors = function() {\n        return Object.keys($scope.inputErrors()).length > 0;\n    }\n    \n}","custom":true,"properties":[{"label":"Nombre","name":"name","type":"text","bond":"expression"},{"label":"Etiqueta","name":"label","type":"text","bond":"expression"},{"label":"Desactivado","name":"disabled","type":"boolean","bond":"expression"},{"label":"Valor máximo","name":"max","type":"integer","bond":"expression"},{"label":"Valor minimo","name":"min","type":"integer","bond":"expression"},{"label":"Largo máximo","name":"maxlength","type":"integer","bond":"expression"},{"label":"Largo minimo","name":"minlength","type":"integer","bond":"expression"},{"label":"Solo lectura","name":"readonly","type":"boolean","bond":"expression"},{"label":"Requerido","name":"required","type":"boolean","bond":"expression"},{"label":"Valor","name":"value","type":"text","bond":"variable"},{"label":"Placehoder","name":"placeholder","type":"text","bond":"expression"},{"label":"Símbolo de moneda","name":"symbol","type":"text","defaultValue":"$","bond":"expression"}],"assets":[{"id":"7993166d-bdc2-44d4-930f-a83ce8fc673f","name":"currencyModule.js","type":"js","order":23,"external":false},{"id":"3d4bec8f-7fbe-46c9-8b45-d55c816282c5","name":"currencyStyles.css","type":"css","order":7,"external":false},{"id":"7ed9430b-2ed1-43d3-9b88-c4aeb059d9dd","name":"jquery-3.1.1.min.js","type":"js","order":2,"external":false},{"id":"764d8974-483a-4184-b328-1ecbf619afee","name":"jquery.number.min.js","type":"js","order":3,"external":false}],"requiredModules":["currencyModule"]}