{"designerVersion":"1.2.19","favorite":false,"id":"89e708d2-b220-4e3c-a929-aa34e607b9ed","name":"FragTipologiaCasuisticaValidacion","type":"fragment","lastUpdate":1478879941838,"rows":[[{"type":"container","dimension":{"xs":12,"sm":12,"md":12,"lg":12},"propertyValues":{"cssClasses":{"type":"constant","value":""},"hidden":{"type":"constant","value":false},"repeatedCollection":{"type":"variable"}},"reference":"cbf96643-47d0-43ca-b2e9-cb2d770876b4","rows":[[{"type":"component","dimension":{"xs":12,"sm":12,"md":6,"lg":6},"propertyValues":{"cssClasses":{"type":"constant","value":""},"hidden":{"type":"constant","value":false},"disabled":{"type":"constant","value":false},"required":{"type":"constant","value":false},"labelHidden":{"type":"constant","value":false},"label":{"type":"interpolation","value":"Tipologías"},"labelPosition":{"type":"constant","value":"top"},"labelWidth":{"type":"constant","value":4},"placeholder":{"type":"interpolation","value":"Select an option"},"availableValues":{"type":"expression","value":"listaTipologia"},"displayedKey":{"type":"constant","value":"nombre"},"returnedKey":{"type":"constant"},"value":{"type":"variable","value":"tipologiaCasuistica.tipologias"}},"reference":"67adeb0d-cf61-4672-9a87-67784afdba4e","id":"pbSelect"},{"type":"component","dimension":{"xs":12,"sm":12,"md":6,"lg":6},"propertyValues":{"cssClasses":{"type":"constant","value":""},"hidden":{"type":"constant","value":false},"disabled":{"type":"constant","value":false},"required":{"type":"constant","value":false},"labelHidden":{"type":"constant","value":false},"label":{"type":"interpolation","value":"Casuísticas"},"labelPosition":{"type":"constant","value":"top"},"labelWidth":{"type":"constant","value":4},"placeholder":{"type":"interpolation","value":"Select an option"},"availableValues":{"type":"expression","value":"listaCasuistica"},"displayedKey":{"type":"constant","value":"nombre"},"returnedKey":{"type":"constant"},"value":{"type":"variable","value":"tipologiaCasuistica.casuisticas"}},"reference":"766f5f36-464a-4178-af9b-1f9dd98eb034","id":"pbSelect"}],[{"type":"component","dimension":{"xs":12,"sm":12,"md":12,"lg":12},"propertyValues":{"cssClasses":{"type":"constant","value":""},"hidden":{"type":"constant","value":true},"text":{"type":"interpolation","value":"<pre>tipologiaCasuistica:{{tipologiaCasuistica|json}}</pre>\n<pre>values:{{values|json}}</pre>"},"alignment":{"type":"constant","value":"left"}},"reference":"da640e27-e5a5-4cff-94bf-97e115634407","id":"pbText"}]]}]],"assets":[],"inactiveAssets":[],"data":{"tipologiaCasuistica":{"type":"json","value":"{}","exposed":true},"listaTipologia":{"type":"url","value":"../API/extension/ConsultaListasAPI?c=tipologiaValidacion&p={{values.c_validadcion.proximoPaso.id}}","exposed":false},"listaCasuistica":{"type":"url","value":"../API/extension/ConsultaListasAPI?c=casuisticaValidacion&p={{tipologiaCasuistica.tipologias.id}},{{values.c_validadcion.proximoPaso.id}}","exposed":false},"values":{"type":"constant","exposed":true}}}