{"designerVersion":"1.2.19","favorite":false,"id":"368c6a40-58cf-4af2-973f-1cadf95dda89","name":"validacion","type":"form","lastUpdate":1479480739331,"rows":[[{"type":"container","dimension":{"xs":12,"sm":12,"md":2,"lg":2},"propertyValues":{"cssClasses":{"type":"constant","value":""},"hidden":{"type":"constant","value":false},"repeatedCollection":{"type":"variable"}},"reference":"e3206c78-cade-4d7a-a1b4-5b8099159489","rows":[[{"type":"component","dimension":{"xs":12,"sm":12,"md":12,"lg":12},"propertyValues":{"cssClasses":{"type":"constant","value":""},"hidden":{"type":"constant","value":false},"text":{"type":"interpolation","value":""},"alignment":{"type":"constant","value":"left"}},"reference":"f92a19f5-84f4-4e4d-9087-604f66f2d92d","id":"pbText"}],[{"type":"component","dimension":{"xs":12,"sm":12,"md":12,"lg":12},"propertyValues":{"cssClasses":{"type":"constant","value":"textPanel imagenPanel"},"hidden":{"type":"constant","value":false},"text":{"type":"interpolation","value":"<br><br><em>Recuerda, los campos marcados con asterisco (*) son obligatorios.<br><br><br><br><br><br><br><br><br><br><br><br><br><br><br><br><br><br><br><br><br><br><br><br><br><br><br><br><br><br><br><br></em>"},"alignment":{"type":"constant","value":"left"}},"reference":"dab7714e-4812-4e10-946e-bde051d5ae37","id":"pbText"}]]},{"type":"formContainer","dimension":{"xs":12,"sm":12,"md":10,"lg":10},"propertyValues":{"cssClasses":{"type":"constant","value":""},"hidden":{"type":"constant","value":false}},"reference":"bf2925d9-d3e1-462a-80cc-f230ea47f27e","container":{"type":"container","dimension":{"xs":12},"propertyValues":{},"reference":"c5564861-6263-4cb6-85b3-abe1a1f8987b","rows":[[{"type":"component","dimension":{"xs":12,"sm":12,"md":12,"lg":12},"propertyValues":{"cssClasses":{"type":"constant","value":""},"hidden":{"type":"constant","value":false},"text":{"type":"interpolation","value":""},"alignment":{"type":"constant","value":"left"}},"reference":"5e0530d6-74f7-46de-84e1-b9d35a22f191","id":"pbText"}],[{"type":"component","dimension":{"sm":12,"md":12,"lg":12,"xs":12},"propertyValues":{"alignment":{"type":"constant","value":"center"},"text":{"type":"constant","value":"VALIDACIÓN DOCUMENTAL"},"dimension":{"type":"constant","value":12},"level":{"type":"constant","value":"Level 4"},"isDisplayed":{"type":"constant","value":true},"widgetId":{"type":"constant","value":"pbTitle"},"labelHidden":{"type":"constant","value":false},"class":{"type":"constant","value":"org.bonitasoft.web.designer.experimental.parametrizedWidget.TitleWidget"},"label":{"type":"constant"},"readonly":{"type":"constant","value":false},"cssClasses":{"type":"constant","value":"backgroundTitlle"},"hidden":{"type":"constant","value":false}},"reference":"b08d6d5b-7733-482d-9096-11f44e098cdb","id":"pbTitle"}],[{"type":"component","dimension":{"xs":12,"sm":12,"md":12,"lg":12},"propertyValues":{"cssClasses":{"type":"constant","value":""},"hidden":{"type":"constant","value":false},"text":{"type":"interpolation","value":""},"alignment":{"type":"constant","value":"left"}},"reference":"a74d9daf-14a9-4640-bad7-969cd8338880","id":"pbText"}],[{"type":"component","dimension":{"xs":12,"sm":12,"md":12,"lg":12},"propertyValues":{"cssClasses":{"type":"constant","value":""},"hidden":{"type":"constant","value":false},"text":{"type":"interpolation","value":"DATOS CLIENTE"},"level":{"type":"constant","value":"Level 5"},"alignment":{"type":"constant","value":"center"}},"reference":"f3c686b4-6e2c-4f65-a2ae-eadd85088fd4","id":"pbTitle"}],[{"type":"component","dimension":{"xs":12,"sm":12,"md":12,"lg":12},"propertyValues":{"cssClasses":{"type":"constant","value":""},"hidden":{"type":"constant","value":false},"text":{"type":"interpolation","value":""},"alignment":{"type":"constant","value":"left"}},"reference":"0d9138f7-2469-452a-b768-beb4a57879a8","id":"pbText"}],[{"type":"component","dimension":{"xs":12,"sm":12,"md":12,"lg":12},"propertyValues":{"cssClasses":{"type":"constant","value":""},"hidden":{"type":"constant","value":false},"text":{"type":"interpolation","value":""},"alignment":{"type":"constant","value":"left"}},"reference":"6b58f56f-490a-4e14-8d34-869f6c94943a","id":"pbText"}],[{"type":"component","dimension":{"xs":12,"sm":12,"md":6,"lg":6},"propertyValues":{"cssClasses":{"type":"constant","value":""},"hidden":{"type":"constant","value":false},"disabled":{"type":"constant","value":false},"required":{"type":"constant","value":true},"labelHidden":{"type":"constant","value":false},"label":{"type":"interpolation","value":"Necesita Referenciacion?"},"labelPosition":{"type":"constant","value":"top"},"labelWidth":{"type":"constant","value":4},"placeholder":{"type":"interpolation","value":"Select an option"},"availableValues":{"type":"expression","value":"listaNecesitaReferenciacion"},"displayedKey":{"type":"constant","value":"nombre"},"returnedKey":{"type":"constant"},"value":{"type":"variable","value":"formInput.c_validadcion.necesitaReferenciacion"}},"reference":"4284f711-4ada-4e1e-9987-f14267a7b1d6","id":"pbSelect"},{"type":"component","dimension":{"xs":12,"sm":12,"md":6,"lg":6},"propertyValues":{"cssClasses":{"type":"constant","value":""},"hidden":{"type":"constant","value":false},"disabled":{"type":"constant","value":false},"required":{"type":"constant","value":true},"labelHidden":{"type":"constant","value":false},"label":{"type":"interpolation","value":"Necesita Dactiloscopia?"},"labelPosition":{"type":"constant","value":"top"},"labelWidth":{"type":"constant","value":4},"placeholder":{"type":"interpolation","value":"Select an option"},"availableValues":{"type":"expression","value":"listaNecesitaDactiloscopia"},"displayedKey":{"type":"constant","value":"nombre"},"returnedKey":{"type":"constant"},"value":{"type":"variable","value":"formInput.c_validadcion.necesitaDactiloscopia"}},"reference":"efc2da6a-5e9e-41f9-874e-3afd2ea9e312","id":"pbSelect"}],[{"type":"component","dimension":{"xs":12,"sm":12,"md":4,"lg":4},"propertyValues":{"cssClasses":{"type":"constant","value":""},"hidden":{"type":"constant","value":true},"type":{"type":"constant","value":"text"},"name":{"type":"constant","value":"calse"},"label":{"type":"constant","value":"Clase"},"disabled":{"type":"constant","value":false},"max":{"type":"constant"},"min":{"type":"constant"},"maxlength":{"type":"constant"},"minlength":{"type":"constant"},"pattern":{"type":"constant"},"readonly":{"type":"constant","value":false},"required":{"type":"constant","value":true},"value":{"type":"variable","value":"formInput.c_validadcion.clase"},"placeholder":{"type":"constant"}},"reference":"9f3d7ac9-30e4-4197-893a-bbc95b47045f","id":"customInput"},{"type":"component","dimension":{"xs":12,"sm":12,"md":4,"lg":4},"propertyValues":{"cssClasses":{"type":"constant","value":""},"hidden":{"type":"constant","value":true},"name":{"type":"constant","value":"valorCompra"},"label":{"type":"constant","value":"Valor Compra"},"disabled":{"type":"constant","value":false},"max":{"type":"constant","value":100000000},"min":{"type":"constant","value":1},"maxlength":{"type":"constant","value":15},"minlength":{"type":"constant","value":1},"readonly":{"type":"constant","value":false},"required":{"type":"constant","value":true},"value":{"type":"variable","value":"formInput.c_validadcion.valorCompra"},"placeholder":{"type":"constant"},"symbol":{"type":"constant","value":"$"}},"reference":"2fc4fa34-7994-496f-ab3b-db6889294ca3","id":"customCurrency"},{"type":"component","dimension":{"xs":12,"sm":12,"md":4,"lg":4},"propertyValues":{"cssClasses":{"type":"constant","value":""},"hidden":{"type":"constant","value":true},"type":{"type":"constant","value":"number"},"name":{"type":"constant","value":"financiacion"},"label":{"type":"constant","value":"Financiación"},"disabled":{"type":"constant","value":false},"max":{"type":"constant","value":10},"min":{"type":"constant","value":1},"maxlength":{"type":"constant","value":10},"minlength":{"type":"constant","value":2},"pattern":{"type":"constant"},"readonly":{"type":"constant","value":false},"required":{"type":"constant","value":true},"value":{"type":"variable","value":"formInput.c_validadcion.financiacion"},"placeholder":{"type":"constant"}},"reference":"6eae796f-c642-433b-9304-e4a8e6a7db4e","id":"customInput"}],[{"type":"component","dimension":{"xs":12,"sm":12,"md":6,"lg":6},"propertyValues":{"cssClasses":{"type":"constant","value":""},"hidden":{"type":"constant","value":true},"disabled":{"type":"constant","value":false},"required":{"type":"constant","value":true},"labelHidden":{"type":"constant","value":false},"label":{"type":"interpolation","value":"Proyecto"},"labelPosition":{"type":"constant","value":"top"},"labelWidth":{"type":"constant","value":4},"placeholder":{"type":"interpolation","value":"Select an option"},"availableValues":{"type":"constant"},"displayedKey":{"type":"constant"},"returnedKey":{"type":"constant"},"value":{"type":"variable","value":"formInput.c_validadcion.proyecto"}},"reference":"5cfefa63-6c15-48ed-b748-c8323272fa2b","id":"pbSelect"},{"type":"component","dimension":{"xs":12,"sm":12,"md":6,"lg":6},"propertyValues":{"cssClasses":{"type":"constant","value":""},"hidden":{"type":"constant","value":true},"disabled":{"type":"constant","value":false},"required":{"type":"constant","value":true},"labelHidden":{"type":"constant","value":false},"label":{"type":"interpolation","value":"Constructora"},"labelPosition":{"type":"constant","value":"top"},"labelWidth":{"type":"constant","value":4},"placeholder":{"type":"interpolation","value":"Select an option"},"availableValues":{"type":"constant"},"displayedKey":{"type":"constant"},"returnedKey":{"type":"constant"},"value":{"type":"variable","value":"formInput.c_validadcion.constructora"}},"reference":"4ff4d153-82ce-4ef6-9c07-6a4aa8a870e9","id":"pbSelect"}],[{"type":"component","dimension":{"xs":12,"sm":12,"md":4,"lg":4},"propertyValues":{"cssClasses":{"type":"constant","value":""},"hidden":{"type":"constant","value":true},"type":{"type":"constant","value":"text"},"name":{"type":"constant"},"label":{"type":"constant","value":"Constructora No Financiada"},"disabled":{"type":"constant","value":false},"max":{"type":"constant"},"min":{"type":"constant"},"maxlength":{"type":"constant"},"minlength":{"type":"constant"},"pattern":{"type":"constant"},"readonly":{"type":"constant","value":false},"required":{"type":"constant","value":true},"value":{"type":"variable","value":"formInput.c_validadcion.constructoraNoFinanciada"},"placeholder":{"type":"constant"}},"reference":"b9649cb3-57cd-4f1b-a0e8-021a2e0e4b50","id":"customInput"},{"type":"component","dimension":{"xs":12,"sm":12,"md":4,"lg":4},"propertyValues":{"cssClasses":{"type":"constant","value":""},"hidden":{"type":"constant","value":true},"type":{"type":"constant"},"name":{"type":"constant","value":"nit"},"label":{"type":"constant","value":"Nit"},"disabled":{"type":"constant","value":false},"max":{"type":"constant"},"min":{"type":"constant"},"maxlength":{"type":"constant","value":10},"minlength":{"type":"constant"},"pattern":{"type":"constant"},"readonly":{"type":"constant","value":false},"required":{"type":"constant","value":true},"value":{"type":"variable","value":"formInput.c_validadcion.nit"},"placeholder":{"type":"constant"}},"reference":"81692246-2fc0-4a7b-8fde-5a3b95b7576f","id":"customInput"},{"type":"component","dimension":{"xs":12,"sm":12,"md":4,"lg":4},"propertyValues":{"cssClasses":{"type":"constant","value":""},"hidden":{"type":"constant","value":true},"type":{"type":"constant","value":"text"},"name":{"type":"constant"},"label":{"type":"constant","value":"Proyecto No Financiado"},"disabled":{"type":"constant","value":false},"max":{"type":"constant"},"min":{"type":"constant"},"maxlength":{"type":"constant"},"minlength":{"type":"constant"},"pattern":{"type":"constant"},"readonly":{"type":"constant","value":false},"required":{"type":"constant","value":true},"value":{"type":"variable","value":"formInput.c_validadcion.proyectoNoFinanciado"},"placeholder":{"type":"constant"}},"reference":"06a42aa8-b240-4cbd-ae12-bed5c05cb5cd","id":"customInput"}],[{"type":"component","dimension":{"xs":12,"sm":12,"md":4,"lg":4},"propertyValues":{"cssClasses":{"type":"constant","value":""},"hidden":{"type":"constant","value":true},"type":{"type":"constant","value":"number"},"name":{"type":"constant","value":"cedula"},"label":{"type":"constant","value":"Cedula Prescriptor"},"disabled":{"type":"constant","value":false},"max":{"type":"constant"},"min":{"type":"constant"},"maxlength":{"type":"constant","value":10},"minlength":{"type":"constant","value":7},"pattern":{"type":"constant"},"readonly":{"type":"constant","value":false},"required":{"type":"constant","value":true},"value":{"type":"variable","value":"formInput.c_validadcion.cedulaPrescriptor"},"placeholder":{"type":"constant"}},"reference":"06a3d0f6-f261-43e6-ad4c-689766f3a23b","id":"customInput"},{"type":"component","dimension":{"xs":12,"sm":12,"md":4,"lg":4},"propertyValues":{"cssClasses":{"type":"constant","value":""},"hidden":{"type":"constant","value":true},"disabled":{"type":"constant","value":false},"required":{"type":"constant","value":true},"labelHidden":{"type":"constant","value":false},"label":{"type":"interpolation","value":"Broker"},"labelPosition":{"type":"constant","value":"top"},"labelWidth":{"type":"constant","value":4},"placeholder":{"type":"interpolation","value":"Select an option"},"availableValues":{"type":"constant"},"displayedKey":{"type":"constant"},"returnedKey":{"type":"constant"},"value":{"type":"variable","value":"formInput.c_validadcion.broker"}},"reference":"a5178b82-d435-4ed2-bd75-322ea40d035b","id":"pbSelect"},{"type":"component","dimension":{"xs":12,"sm":12,"md":4,"lg":4},"propertyValues":{"cssClasses":{"type":"constant","value":""},"hidden":{"type":"constant","value":true},"disabled":{"type":"constant","value":false},"required":{"type":"constant","value":true},"labelHidden":{"type":"constant","value":false},"label":{"type":"interpolation","value":"Cobertura"},"labelPosition":{"type":"constant","value":"top"},"labelWidth":{"type":"constant","value":4},"placeholder":{"type":"interpolation","value":"Select an option"},"availableValues":{"type":"constant"},"displayedKey":{"type":"constant"},"returnedKey":{"type":"constant"},"value":{"type":"variable","value":"formInput.c_validadcion.cobertura"}},"reference":"1829b629-1478-4a74-a0bf-ddfe0a7ac4a6","id":"pbSelect"}],[{"type":"component","dimension":{"xs":12,"sm":12,"md":12,"lg":12},"propertyValues":{"cssClasses":{"type":"constant","value":""},"hidden":{"type":"constant","value":false},"readOnly":{"type":"constant","value":false},"required":{"type":"constant","value":true},"minLength":{"type":"constant","value":""},"maxLength":{"type":"constant","value":500},"labelHidden":{"type":"constant","value":false},"label":{"type":"interpolation","value":"Observaciones"},"labelPosition":{"type":"constant","value":"top"},"labelWidth":{"type":"constant","value":4},"value":{"type":"variable","value":"formInput.c_validadcion.observaciones"}},"reference":"9850224e-0ab8-4889-97c0-6629b16d03b4","id":"pbTextarea"}],[{"type":"component","dimension":{"xs":12,"sm":12,"md":12,"lg":12},"propertyValues":{"cssClasses":{"type":"constant","value":"validator"},"hidden":{"type":"constant","value":false},"text":{"type":"interpolation","value":"Máximo 500 caracteres."},"alignment":{"type":"constant","value":"right"}},"reference":"2f1166de-5af3-4890-bf85-df85f470a61d","id":"pbText"}],[{"type":"component","dimension":{"xs":12,"sm":12,"md":4,"lg":4},"propertyValues":{"cssClasses":{"type":"constant","value":""},"hidden":{"type":"constant","value":false},"disabled":{"type":"constant","value":false},"required":{"type":"constant","value":true},"labelHidden":{"type":"constant","value":false},"label":{"type":"interpolation","value":"Próximo Paso"},"labelPosition":{"type":"constant","value":"top"},"labelWidth":{"type":"constant","value":4},"placeholder":{"type":"interpolation","value":"Select an option"},"availableValues":{"type":"expression","value":"listaProximoPasoValidacion"},"displayedKey":{"type":"constant","value":"nombre"},"returnedKey":{"type":"constant"},"value":{"type":"variable","value":"formInput.c_validadcion.proximoPaso"}},"reference":"35750cb5-221d-4adb-b051-7b4c96920225","id":"pbSelect"}],[{"type":"component","dimension":{"xs":12,"sm":12,"md":12,"lg":12},"propertyValues":{"cssClasses":{"type":"constant","value":""},"hidden":{"type":"constant","value":false},"text":{"type":"interpolation","value":""},"alignment":{"type":"constant","value":"left"}},"reference":"e8f3f4db-59b0-4c45-b65d-1822c804eabd","id":"pbText"}],[{"type":"component","dimension":{"xs":12,"sm":12,"md":12,"lg":12},"propertyValues":{"cssClasses":{"type":"constant","value":"backgroundTitlleAux"},"hidden":{"type":"expression","value":"!esTipologiaCasuistica"},"text":{"type":"interpolation","value":"Tipologías y Casuísticas"},"level":{"type":"constant","value":"Level 5"},"alignment":{"type":"constant","value":"center"}},"reference":"25b4ec8e-6159-4014-8bf9-78825da4cb41","id":"pbTitle"}],[{"type":"component","dimension":{"xs":12,"sm":12,"md":12,"lg":12},"propertyValues":{"cssClasses":{"type":"constant","value":""},"hidden":{"type":"constant","value":false},"text":{"type":"interpolation","value":""},"alignment":{"type":"constant","value":"left"}},"reference":"1ddb60d7-8694-4cb9-97f9-6a3455efc11e","id":"pbText"}],[{"type":"container","dimension":{"xs":12,"sm":12,"md":12,"lg":12},"propertyValues":{"cssClasses":{"type":"constant","value":""},"hidden":{"type":"expression","value":"!esTipologiaCasuistica"},"repeatedCollection":{"type":"variable","value":"formInput.c_validadcion.tipologiasCasuisticas"}},"reference":"11190fa1-c7d4-4c60-8f22-780666b5370a","rows":[[{"type":"fragment","dimension":{"xs":12,"sm":12,"md":12,"lg":12},"propertyValues":{"cssClasses":{"type":"constant","value":""},"hidden":{"type":"constant","value":false}},"reference":"76078395-5f49-44bd-aad3-eae9ab44e56b","id":"89e708d2-b220-4e3c-a929-aa34e607b9ed","binding":{"tipologiaCasuistica":"$item","listaTipologia":"listaTipologias","listaCasuistica":"listaCasuistica","input":"formInput","proximoPaso":"formInput","values":"formInput"}}],[{"type":"component","dimension":{"xs":12,"sm":12,"md":12,"lg":12},"propertyValues":{"cssClasses":{"type":"constant","value":""},"hidden":{"type":"constant","value":false},"disabled":{"type":"constant","value":false},"label":{"type":"interpolation","value":"x"},"alignment":{"type":"constant","value":"right"},"buttonStyle":{"type":"constant","value":"danger"},"action":{"type":"constant","value":"Remove from collection"},"url":{"type":"interpolation"},"dataToSend":{"type":"constant"},"dataFromSuccess":{"type":"variable"},"dataFromError":{"type":"variable"},"targetUrlOnSuccess":{"type":"interpolation"},"collectionToModify":{"type":"variable","value":"$collection"},"collectionPosition":{"type":"constant","value":"Item"},"valueToAdd":{"type":"constant"},"removeItem":{"type":"variable","value":"$item"}},"reference":"a14b7620-a3a0-46f6-af57-ab39f3488e8b","id":"pbButton"}]]}],[{"type":"component","dimension":{"xs":12,"sm":12,"md":12,"lg":12},"propertyValues":{"cssClasses":{"type":"constant","value":""},"hidden":{"type":"expression","value":"!esTipologiaCasuistica"},"disabled":{"type":"constant","value":false},"label":{"type":"interpolation","value":"+"},"alignment":{"type":"constant","value":"right"},"buttonStyle":{"type":"constant","value":"primary"},"action":{"type":"constant","value":"Add to collection"},"url":{"type":"interpolation"},"dataToSend":{"type":"constant"},"dataFromSuccess":{"type":"variable"},"dataFromError":{"type":"variable"},"targetUrlOnSuccess":{"type":"interpolation"},"collectionToModify":{"type":"variable","value":"formInput.c_validadcion.tipologiasCasuisticas"},"collectionPosition":{"type":"constant","value":"Last"},"valueToAdd":{"type":"expression","value":"{  \"tipologias\" : {    \"id\" : \"\",    \"nombre\" : \"\"  },  \"casuisticas\" : {    \"id\" : \"\",    \"nombre\" : \"\"  }}"},"removeItem":{"type":"variable"}},"reference":"691a3996-3512-4a49-8e52-3e6100072b98","id":"pbButton"}],[{"type":"component","dimension":{"xs":12,"sm":12,"md":12,"lg":12},"propertyValues":{"cssClasses":{"type":"constant","value":""},"hidden":{"type":"constant","value":false},"text":{"type":"interpolation","value":""},"alignment":{"type":"constant","value":"left"}},"reference":"d424d7f7-cdb2-4cdd-809c-2632528f8233","id":"pbText"}],[{"type":"component","dimension":{"sm":12,"md":12,"lg":12,"xs":12},"propertyValues":{"removeItem":{"type":"variable"},"alignment":{"type":"constant","value":"center"},"isDisplayed":{"type":"constant","value":true},"targetUrlOnSuccess":{"type":"interpolation","value":"/bonita"},"class":{"type":"constant","value":"org.bonitasoft.web.designer.experimental.parametrizedWidget.ButtonWidget"},"label":{"type":"constant","value":"Enviar"},"collectionPosition":{"type":"constant"},"buttonStyle":{"type":"constant","value":"primary"},"dimension":{"type":"constant","value":12},"valueToAdd":{"type":"expression"},"collectionToModify":{"type":"variable"},"widgetId":{"type":"constant","value":"pbButton"},"labelHidden":{"type":"constant","value":false},"action":{"type":"constant","value":"Submit task"},"dataToSend":{"type":"expression","value":"formInput"},"readonly":{"type":"constant","value":false},"disabled":{"type":"expression","value":"$form.$invalid"},"cssClasses":{"type":"constant","value":""},"hidden":{"type":"constant","value":false},"url":{"type":"interpolation"},"dataFromSuccess":{"type":"variable","value":"succes"},"dataFromError":{"type":"variable"}},"reference":"e5959a8a-4a94-4b52-a486-4ebcbf7ee58c","id":"pbButton"}],[{"type":"component","dimension":{"xs":12,"sm":12,"md":12,"lg":12},"propertyValues":{"cssClasses":{"type":"constant","value":"validator"},"hidden":{"type":"constant","value":false},"text":{"type":"interpolation","value":"{{validador}}"},"level":{"type":"constant","value":"Level 5"},"alignment":{"type":"constant","value":"center"}},"reference":"834a6f22-49b9-401c-a041-41cdc1326cf7","id":"pbTitle"}],[{"type":"component","dimension":{"xs":12,"sm":12,"md":12,"lg":12},"propertyValues":{"cssClasses":{"type":"constant","value":""},"hidden":{"type":"constant","value":false},"text":{"type":"interpolation","value":"<pre>formInput:{{formInput|json}}</pre>"},"alignment":{"type":"constant","value":"left"}},"reference":"2b87e16f-9dae-4945-9bc5-53c16dfaa779","id":"pbText"}]]}}]],"assets":[{"id":"d9108963-8c6b-413a-9746-ab15fe777381","name":"localization.json","type":"json","order":0,"active":true,"external":false},{"id":"32ff6e98-1b32-4d01-ba61-e57c83efe71e","name":"styleRadicacion.css","type":"css","order":1,"active":true,"external":false}],"inactiveAssets":[],"data":{"taskId":{"type":"urlparameter","value":"id","exposed":false},"formOutput":{"type":"expression","value":"return {\n\t'c_validadcion': $data.formInput.c_validadcion\n};","exposed":false},"context":{"type":"url","value":"/bonita/API/bpm/userTask/{{taskId}}/context","exposed":false},"formInput":{"type":"json","value":"{\r\n  \"c_validadcion\" : {\r\n    \"necesitaReferenciacion\" : {\r\n      \"id\" : \"\",\r\n      \"nombre\" : \"\"\r\n    },\r\n    \"necesitaDactiloscopia\" : {\r\n      \"id\" : \"\",\r\n      \"nombre\" : \"\"\r\n    },\r\n    \"clase\" : \"\",\r\n    \"valorCompra\" : \"\",\r\n    \"financiacion\" : \"\",\r\n    \"proyecto\" : {\r\n      \"id\" : \"\",\r\n      \"nombre\" : \"\"\r\n    },\r\n    \"constructora\" : {\r\n      \"id\" : \"\",\r\n      \"nombre\" : \"\"\r\n    },\r\n    \"constructoraNoFinanciada\" : \"\",\r\n    \"nit\" : \"\",\r\n    \"proyectoNoFinanciado\" : \"\",\r\n    \"cedulaPrescriptor\" : \"\",\r\n    \"broker\" : {\r\n      \"id\" : \"\",\r\n      \"nombre\" : \"\"\r\n    },\r\n    \"cobertura\" : {\r\n      \"id\" : \"\",\r\n      \"nombre\" : \"\"\r\n    },\r\n    \"proximoPaso\" : {\r\n      \"id\" : \"\",\r\n      \"nombre\" : \"\"\r\n    },\r\n    \"tipologiasCasuisticas\" : [\r\n        {\r\n\t\t\t\"tipologias\": {\r\n\t\t\t\t\"id\" : \" \",\r\n\t\t\t\t\"nombre\" : \"\"\r\n\t\t\t\t\t\t\t},\r\n\t\t\t\"casuisticas\": {\r\n\t\t\t\t\"id\" : \" \",\r\n\t\t\t\t\"nombre\" : \"\"\r\n\t\t\t} \r\n        }\r\n\t\t],\r\n    \"observaciones\" : \"\"\r\n  }\r\n}","exposed":false},"succes":{"type":"json","value":"{}","exposed":false},"validador":{"type":"expression","value":"var lista = []\n\ntry{\n    if ($data.formInput.c_validadcion.necesitaReferenciacion === undefined){\n        lista.push('El campo necesita referenciación?, es obligatorio');\n    }\n}catch(Err){}\n\ntry{\n    if ($data.formInput.c_validadcion.necesitaDactiloscopia === undefined){\n        lista.push('El campo necesita dactiloscopia?, es obligatorio');\n    }\n}catch(Err){}\n\ntry{\n    if ($data.formInput.c_validadcion.observaciones === \"\"){\n        lista.push('El campo observaciones es obligatorio');\n    }\n}catch(Err){}\n\ntry{\n    if ($data.formInput.c_validadcion.proximoPaso === undefined){\n        lista.push('El campo próximo paso es obligatorio');\n    }\n}catch(Err){}\n\n/*try{\n    if ($data.formInput.c_validadcion.clase === \"\"){\n        lista.push('El campo clase es obligatorio');\n    }\n}catch(Err){}\n\ntry{\n    if ($data.formInput.c_validadcion.valorCompra === \"\"){\n        lista.push('El campo valor compra es obligatorio');\n    }\n}catch(Err){}\n\ntry{\n    if ($data.formInput.c_validadcion.financiacion === \"\"){\n        lista.push('El campo financiación es obligatorio');\n    }\n}catch(Err){}\n\ntry{\n    if ($data.formInput.c_validadcion.proyecto === undefined){\n        lista.push('El campo proyecto es obligatorio');\n    }\n}catch(Err){}\n\ntry{\n    if ($data.formInput.c_validadcion.constructora === undefined){\n        lista.push('El campo constructora es obligatorio');\n    }\n}catch(Err){}\n\ntry{\n    if ($data.formInput.c_validadcion.constructoraNoFinanciada === \"\"){\n        lista.push('El campo constructora no financiada es obligatorio');\n    }\n}catch(Err){}\n\ntry{\n    if ($data.formInput.c_validadcion.nit === \"\"){\n        lista.push('El campo nit es obligatorio');\n    }\n}catch(Err){}\n\ntry{\n    if ($data.formInput.c_validadcion.proyectoNoFinanciado === \"\"){\n        lista.push('El campo proyecto no financiado es obligatorio');\n    }\n}catch(Err){}\n\ntry{\n    if ($data.formInput.c_validadcion.cedulaPrescriptor === \"\"){\n        lista.push('El campo cedula prescriptor es obligatorio');\n    }\n}catch(Err){}\n\ntry{\n    if ($data.formInput.c_validadcion.broker === \"\"){\n        lista.push('El campo broker es obligatorio');\n    }\n}catch(Err){}\n\ntry{\n    if ($data.formInput.c_validadcion.cobertura === \"\"){\n        lista.push('El campo cobertura es obligatorio');\n    }\n}catch(Err){}*/\n\ntry{\n    //if($data.esTipologiaCasuistica){\n        console.log('Entro');\n        $data.formInput.c_validadcion.tipologiasCasuisticas.forEach(function(element, index, array){\n        console.log('Recorrer');\n        if(element.tipologias === undefined || element.casuisticas === undefined){\n            console.log('Agregar');\n            lista.push('Faltan campos por diligenciar en el grupo de tipologías y casuísticas');\n            }\n        } );\n    //}\n}catch(Err){}\n\nreturn lista [0];","exposed":false},"listaNecesitaReferenciacion":{"type":"url","value":"../API/extension/ConsultaListasAPI?c=necesitaReferenciacion","exposed":false},"listaNecesitaDactiloscopia":{"type":"url","value":"../API/extension/ConsultaListasAPI?c=necesitaDactiloscopia","exposed":false},"listaProximoPasoValidacion":{"type":"url","value":"../API/extension/ConsultaListasAPI?c=ppValidacion","exposed":false},"esTipologiaCasuistica":{"type":"expression","value":"return $data.formInput.c_validadcion.proximoPaso.id !== undefined && \n       $data.formInput.c_validadcion.proximoPaso.id === 2;","exposed":false},"observador":{"type":"expression","value":"try{\r\nif($data.formInput.c_validadcion.proximoPaso.id === 1){\r\n    $data.formInput.c_validadcion.tipologiasCasuisticas = [{tipologias:{id: 0,\r\n\t\t\t\t\t\t\t\t\t\t\t\t                      nombre: \"N/A\"},\r\n\t\t\t\t\t\t\t\t\t\t\t\t            casuisticas:{id:0,\r\n\t\t\t\t\t\t\t\t\t\t\t\t\t\t\t           nombre: \"N/A\"}}];}\r\n}catch(Err){}\r\n\r\ntry{\r\n    $data.formInput.c_validadcion.clase = \"0\";\r\n}catch(Err){}\r\n\r\ntry{\r\n    $data.formInput.c_validadcion.valorCompra = \"0\";\r\n}catch(Err){}\r\n\r\ntry{\r\n    $data.formInput.c_validadcion.financiacion = \"0\";\r\n}catch(Err){}\r\n\r\ntry{\r\n    $data.formInput.c_validadcion.proyecto = {id : 0,\r\n                                              nombre : \"N/A\"};\r\n}catch(Err){}\r\n\r\ntry{\r\n    $data.formInput.c_validadcion.constructora = {id : 0,\r\n                                                  nombre : \"N/A\"};\r\n}catch(Err){}\r\n\r\ntry{\r\n    $data.formInput.c_validadcion.constructoraNoFinanciada = \"0\";\r\n}catch(Err){}\r\n\r\ntry{\r\n    $data.formInput.c_validadcion.nit = \"0\";\r\n}catch(Err){}\r\n\r\ntry{\r\n    $data.formInput.c_validadcion.proyectoNoFinanciado = \"0\";\r\n}catch(Err){}\r\n\r\ntry{\r\n    $data.formInput.c_validadcion.cedulaPrescriptor = \"0\";\r\n}catch(Err){}\r\n\r\ntry{\r\n    $data.formInput.c_validadcion.broker = {id : 0,\r\n                                            nombre : \"N/A\"};\r\n}catch(Err){}\r\n\r\ntry{\r\n    $data.formInput.c_validadcion.cobertura = {id : 0,\r\n                                              nombre : \"N/A\"};\r\n}catch(Err){}","exposed":false}}}