{"designerVersion":"1.2.19","favorite":false,"id":"customInput","name":"Input","lastUpdate":1479326561007,"template":"<div class=\"form-group custom-input-container\">\n    <label for=\"{{properties.id}}\" class=\"control-label\" ng-class=\"{'has-errors': hasErrors()}\">{{properties.label}}<span ng-show=\"properties.required\" class=\"required\"> *</span></label>\n    \n    <input  ng-if=\"properties.type != 'number'\"\n            class=\"form-control\"\n            type=\"{{properties.type}}\" \n            id=\"{{properties.name}}\"\n            name=\"{{properties.name}}\" \n            placeholder={{properties.placeholder}}\n            ng-class=\"{'has-errors': hasErrors()}\"\n            ng-disabled=\"properties.disabled\"\n            ng-max=\"properties.max\"\n            ng-min=\"properties.min\"\n            ng-maxlength=\"properties.maxlength\"\n            ng-minlength=\"properties.minlength\"\n            ng-pattern=\"properties.pattern\"\n            ng-readonly=\"properties.readonly\"\n            ng-required=\"properties.required\"\n            ng-model=\"properties.value\">\n            \n    <input  ng-if=\"properties.type == 'number'\"\n            class=\"form-control\"\n            type=\"text\" \n            id=\"{{properties.name}}\"\n            name=\"{{properties.name}}\" \n            placeholder={{properties.placeholder}}\n            ng-class=\"{'has-errors': hasErrors()}\"\n            ng-disabled=\"properties.disabled\"\n            ng-max=\"properties.max\"\n            ng-min=\"properties.min\"\n            ng-maxlength=\"properties.maxlength\"\n            ng-minlength=\"properties.minlength\"\n            ng-readonly=\"properties.readonly\"\n            ng-required=\"properties.required\"\n            ng-model=\"properties.value\"\n            ng-input-number>\n    \n    <ul class=\"input-errors-list\" ng-show=\"hasErrors()\">\n        <li ng-show=\"inputErrors().email\">Debe ingresar una dirección de correo electronico válida (ej: usuario@dominio.com)</li>            \n        <li ng-show=\"inputErrors().required\">El campo es obligatorio</li>\n        <li ng-show=\"inputErrors().max\">El valor del campo debe ser menor a {{properties.max}}</li>\n        <li ng-show=\"inputErrors().min\">El valor del campo debe ser mayor a {{properties.min}}</li>\n        <li ng-show=\"inputErrors().maxlength\">El largo del campo debe ser menor a {{properties.maxlength}}</li>\n        <li ng-show=\"inputErrors().minlength\">El largo del campo debe ser mayor a {{properties.minlength}}</li>\n        <li ng-show=\"inputErrors().pattern\">El contenido del campo no cohincide con el patrón '{{properties.pattern}}'</li>\n        <li ng-show=\"inputErrors().url\">Debe ingresar una URL válida (ej: http://www.dominio.com)</li>\n    </ul>\n</div>","controller":"\nfunction ($scope) {\n    \n    $scope.inputErrors = function() {\n        if($scope.$eval(\"$form.\" + $scope.$eval(\"properties.name\") + \".$dirty\")) {\n            return  $scope.$eval(\"$form.\" + $scope.$eval(\"properties.name\") + \".$error\");\n        }\n        \n        return {};\n    }\n    \n    $scope.hasErrors = function() {\n        return Object.keys($scope.inputErrors()).length > 0;\n    }\n    \n}","custom":true,"properties":[{"label":"Tipo","name":"type","type":"choice","choiceValues":["text","password","color","email","number","range","seach","url"],"bond":"constant"},{"label":"Nombre","name":"name","type":"text","bond":"expression"},{"label":"Etiqueta","name":"label","type":"text","bond":"expression"},{"label":"Desactivado","name":"disabled","type":"boolean","bond":"expression"},{"label":"Valor máximo","name":"max","type":"integer","bond":"expression"},{"label":"Valor minimo","name":"min","type":"integer","bond":"expression"},{"label":"Largo máximo","name":"maxlength","type":"integer","bond":"expression"},{"label":"Largo minimo","name":"minlength","type":"integer","bond":"expression"},{"label":"Patrón (Expresión regular)","name":"pattern","type":"text","bond":"expression"},{"label":"Solo lectura","name":"readonly","type":"boolean","bond":"expression"},{"label":"Requerido","name":"required","type":"boolean","bond":"expression"},{"label":"Valor","name":"value","type":"text","bond":"variable"},{"label":"Placehoder","name":"placeholder","type":"text","bond":"expression"}],"assets":[{"id":"ffebf64e-999f-4398-86dc-3c7318210d26","name":"InputStyles.css","type":"css","order":4,"external":false},{"id":"a5bae6f5-2819-404c-9202-518ee0f1f977","name":"jquery.number.min.js","type":"js","order":6,"external":false},{"id":"7c52c708-42e3-4500-b683-cdae59622734","name":"jquery-3.1.1.min.js","type":"js","order":5,"external":false},{"id":"175eba33-3437-42fe-9882-2f622deeb7d8","name":"inputModule.js","type":"js","order":12,"external":false}],"requiredModules":["inputModule"]}